id,name,CAGR24,Sh24,MDD,alpha24,beta24,t24,alpha,beta,t
ON01,코스닥150 ETF 종가매수→익일시가,-0.152039796669562,-1.30768213765582,-0.8282332213945596,-0.19222854916163593,0.3843437919523118,-5.172847070617723,-0.19896739959920645,0.3608868995567153,-5.266621981557648
ON02,코스닥150 ETF 오버나잇 월·화·수만,-0.0542063312287433,-0.6951574802690699,-0.5131903271736101,-0.07630261754960596,0.1911314212517072,-2.593235125105437,-0.042572171369831435,0.18330898849862273,-1.3830516340823007
ON03,KODEX200 종가매수→익일시가,-0.1847712072055093,-2.0272119312757515,-0.9585569042446216,-0.23368039779699543,0.39604735313735695,-10.63801737600823,-0.22153786350850008,0.459747143111453,-8.553542023177767
ON04,코스닥150 ETF 당일 -2% 하락 시 종,0.0225134443894867,0.1564363413497712,-0.1389119155434988,0.005136214316079841,0.08525887361280941,0.25427046662458375,0.017065401774049603,0.13934916660168262,0.7084007774122614
ON06,장대양봉 종가베팅→익일시가,-0.7712054444386929,-11.14673038593772,-0.9999999996444032,-1.482330690526386,0.0916710778311779,-41.585304447099354,-1.4325839657639747,0.08833648657023409,-38.05631351132383
ON08,변동성돌파 k=0.5 → 익일시가 청산(거래,-0.8724660923851228,-6.259809485463112,-0.9999999999998498,-2.0375367702177334,0.793949219133605,-25.93431869237821,-1.9629392112281954,0.7802354150022094,-25.733861175266316
ON09,변동성돌파 + 5·10일선 필터 → 익일시가,-0.8743779187784058,-6.225489301666598,-0.9999999999998392,-2.0460315041246933,0.6058782214547502,-24.53843920860145,-1.93791123080626,0.5872010895233521,-24.108554580559503
DT01,레버리지 ETF 변동성돌파 당일청산(+5·1,-0.0228466638045656,-0.4487424251702467,-0.4699198927509229,-0.04443621293921493,0.13129382266107664,-1.9991661543999006,-0.0631581795909093,0.11492991918583613,-2.5216865890641813
DT02,변동성돌파 당일 종가청산(거래대금 상위50),-0.955656352310607,-11.417848335592666,-1.0,-3.089197556062164,0.44150637698352424,-44.24077398724113,-3.054078775006455,0.4038683481606602,-44.848461304023246
CD02,하승훈식 초기돌파,-0.4292150576287571,-3.189408833051429,-0.9998216451337814,-0.5645850526000018,0.07686971064894149,-11.868933591294251,-0.5743084802563712,0.0940355560426487,-12.185872592077478
CD03,창원개미 4% 조건식(코스닥),-0.8941497977676884,-6.396123585998748,-0.9999999999999968,-2.2041892396954257,0.3650334971679281,-24.176172171710164,-2.156223649213733,0.3514525802271159,-23.73512123449064
CD04,시가갭 +1~10% 시가매수(동시호가식 근사,-0.9570692342365394,-46.55059731407834,-1.0,-3.1482237862069704,0.1436380157823613,-185.73550333220962,-3.1091209732321174,0.09800794371381022,-191.21376364951678
CD05,20/60 골든크로스 당일 전환,-0.7964263559922375,-8.206718629759543,-0.9999999999630532,-1.5930807433507153,0.2666529955407898,-31.41066347073032,-1.584470356577819,0.22060964008663866,-31.34991882888924
SW01,"터틀 55일 돌파 / 20일 이탈 청산, 2",-0.3729713953519564,-1.4838797145633482,-0.99865967518236,-0.4549368522085454,0.5561433281982804,-6.001745533583358,-0.44957104767273076,0.5041198599297765,-6.0498989026997565
SW02,"돈치안 20일 돌파 + 2ATR 손절, 최대",-0.604098577513819,-2.69835737982782,-0.9999988528314748,-0.9029375275059169,0.5472395109518329,-10.598248377894992,-0.9024597277372729,0.4936691022072062,-10.794143570234851
SW03,종가 20일선 상향 돌파 매수 / 하향 이탈,-0.5150370260835808,-2.3712962542744167,-0.9999769691602788,-0.7151482848563322,0.6749438791969615,-9.821391406777101,-0.7283941258030153,0.6137252111630489,-10.170254791722716
SW04,"골든크로스 20/60, 5일 보유",-0.5229766736838162,-2.7815705571811247,-0.9999790062554686,-0.7378013966066692,0.5511932742186806,-11.30052609589236,-0.7215887312789261,0.4413306332534399,-10.948954885486566
SW05,"골든크로스 20/60, 10일 보유",-0.4143235136321276,-1.8768891989096743,-0.9996720566395148,-0.5322681840613528,0.6658245667468817,-7.930223806128917,-0.5395093680924743,0.5337551953647376,-8.080570067957593
SW06,"미너비니 트렌드템플릿+VCP 돌파(손절7%,",-0.1474319532635591,-1.040747878052768,-0.9052785896759477,-0.16937048345947242,0.1625780989117188,-4.011913305008953,-0.16382600972916428,0.16872145919919534,-3.7476206153540432
SW07,"52주 신고가 돌파(손절7%, 익절21%)",-0.2385357741479206,-1.0388036222979964,-0.9851041798183876,-0.27130108814983306,0.455087144994162,-4.240075191223157,-0.2981400806323221,0.3803001517892032,-4.752122086261245
SW08,RSI(2) 역추세 Connors형,-0.2698718641054077,-1.0849408507602325,-0.9905337130251194,-0.3173721904907103,0.8415367133804637,-5.132086448338841,-0.3513197730581482,0.737885963986904,-5.671984777289802
SW09,정배열 눌림목(RSI14<30 반등),-0.5186853065836989,-5.965128960282032,-0.9999923912314216,-0.7457475111455648,0.19620062514505612,-23.114435419779706,-0.7925195563485433,0.13445677397308128,-24.740774313290757
SW10,IBS<0.05 후 익일 -1.5% 지정가 ,-0.6389035934954337,-3.070467748638194,-0.9999999416411872,-1.0030046251446807,0.7590590745810254,-12.73690514671993,-1.111433249181771,0.6102371570622759,-14.291488289197572
SW11,볼린저 하단 이탈 후 복귀 매수 / 상단 매,-0.1974456257667767,-0.8655538591671786,-0.9565881355669064,-0.23095094855948936,0.8401594279359862,-4.467966867215859,-0.25028277611933114,0.6724511189870963,-4.768722107220591
SW12,이격도 95 이하 과매도 반등,-0.41472588891152,-1.703317182855645,-0.9996377979862896,-0.5333738427243572,0.9462239544595804,-7.947487731295323,-0.5555929096500855,0.7324768982871266,-8.539862727297887
SW13,"거래량 급증 돌파(20일평균 2배, 양봉, ",-0.6549981065718344,-3.284738401241118,-0.9999999220573388,-1.0443427401690193,0.515650511229211,-12.849564374436,-1.0749911919124024,0.4191895788624541,-13.56399790483573
HK01,close_to_a_cross(MA5×MA5,-0.0866059405014174,-0.4410955937947827,-0.8442711247298732,-0.0997861850097443,0.42663042458960904,-1.9792262744893117,-0.14010101876049283,0.3436956747978767,-2.7757665564407694
HK02,weinstein_stage(1→2단계 전환,-0.1619413977434856,-1.0983491119006303,-0.9353873764904728,-0.1902384539024762,0.3453688332678036,-4.584400498825775,-0.20245765781082845,0.23965539995126942,-4.914050474161489
HK03,tailwind(정배열 MA20 눌림 양봉),-0.0516452004387397,-0.6742211782419207,-0.5610784256215051,-0.0709995087162558,0.17536018947791546,-2.8057539577384247,-0.077529757623938,0.12974520493204772,-3.1384155443196753
HK04,wake_up_call(20일 신고가·MA5,-0.2387343701171862,-1.2218235912728632,-0.9831880471320364,-0.2805548593575788,0.5186996300741079,-5.222276905898555,-0.2910402048779857,0.3812447014210113,-5.541323439911272
HK05,darvas_box 근사(20일 박스 15%,-0.1945712676173693,-1.2353355841014726,-0.958907084324898,-0.23052410584859606,0.4482424280724838,-5.3716600095275835,-0.23062454283147493,0.297633109238025,-5.365332256332841
HK06,volume_doesnt_lie(갭업5%+거,-0.1300541458712578,-1.093578628120678,-0.8945526106387919,-0.15109007610717215,0.09153859045100074,-4.142933212354884,-0.1708183546608449,0.175150013370228,-4.275430783225218
HK07,staggering_volume(거래량 3배,-0.5281710689555237,-3.8210830383274574,-0.9999908120473244,-0.7584222535312483,0.36265434108878847,-15.126596226756277,-0.7763763098777519,0.23330882554043902,-15.59072200415004
HK08,quarterback(20% 풀백 후 RSI,-0.3394193040707123,-1.5224448654205165,-0.9986509239213648,-0.41693226063681565,0.7131395399428812,-6.711145236115336,-0.46490754438881504,0.5833075814731207,-7.6736680338483145
HK09,"trend_play(6중 정배열, MA5 근",-0.5676375446838724,-3.868381667833522,-0.9999963451982564,-0.8454994027437778,0.5117210476727735,-15.993797521960355,-0.8539103555692542,0.40473230814726363,-16.383932051384328
HK10,nice_chart(전일고가 돌파·RSI 4,-0.5246696219303905,-3.932516601792775,-0.9999932469748664,-0.7571099014163667,0.539821851209198,-17.12558792613937,-0.8161179920151459,0.3832674980477935,-18.456056397506725
LT01,소형주(유니버스 하위20%) + 저PBR 2,0.0836379902765416,0.4236601689526066,-0.5367885275591591,0.05170227345877638,0.6643158032675438,1.3750473602825404,0.02500229313938929,0.47879630489573605,0.6438406800736207
LT02,밸류 합성(PER·PBR·배당 순위합) 소형,0.0544835661990619,0.2856981924368779,-0.497026220726299,0.024076457894216752,0.58833762323971,0.707212086078675,0.004064462070697478,0.42575083662264745,0.11617664792329467
LT03,"저PER+저PBR 20종목, 월간",0.0500889236271271,0.2468611687804838,-0.578737126083978,0.015987407008510666,0.6750947631343297,0.48201415832019734,0.007587927992161873,0.5028635205066678,0.2036281684212208
LT04,"저변동성 30종목(60일), 월간",-0.0107879235132481,-0.3161174587149881,-0.4814349349621886,-0.03476233488250997,0.20080858890600234,-1.675529408310559,-0.058370330854423,0.11731703249671756,-2.7716865640619543
LT05,"12-1 모멘텀 상위 30, 월간",-0.1749282747003037,-0.5309772465434339,-0.9727046637582082,-0.1864854960747363,0.913423884703308,-2.617743584808824,-0.23854994240411057,0.8321924939268164,-3.413854975682927
LT06,"K-ratio 모멘텀 상위 30, 월간",0.0093629321298414,0.0816011528048097,-0.7044603266810351,-0.0007415512844731214,0.8087037684811507,-0.014029357511325277,-0.031007359743016483,0.7998163991919272,-0.5883440937024197
LT07,개별종목 듀얼모멘텀(12-1>0 & 상위 3,-0.1749282747003037,-0.5309772465434339,-0.9727046637582082,-0.1864854960747363,0.913423884703308,-2.617743584808824,-0.23854994240411057,0.8321924939268164,-3.413854975682927
LT08,밸류+모멘텀(저PBR 하위 20% 중 12-,0.0476905284508577,0.2444055513389233,-0.5778061320081918,0.027078592984146194,0.6813596413728912,0.7340448060116043,0.008823112326016506,0.5494296663000033,0.22355266120120623
LT09,"고배당 30종목, 월간",0.0405051579281534,0.2009385265552716,-0.5181213040974597,0.006489514842497304,0.5709917485838133,0.23611589681036993,-0.01114923837538106,0.3941128179287289,-0.37854604617366155
LT10,소형주 효과(유니버스 하위 20% 동일비중),-0.0120788055630165,-0.0631090375938351,-0.5637832439224922,-0.043528120009138443,0.7787689830830947,-1.1115713480233715,-0.0822404077003307,0.5804570495940369,-2.039702840986148
LT11,"1월 소형주(12월말 매수, 1월말 매도)",0.0077695069845258,-0.19700134583068,-0.1978581275753855,-0.010633400895776381,0.050607183889460186,-0.8472332209477949,-0.009351424416819312,0.02971565011732687,-0.7813466799523248
LT12,"1개월 단기반전(하위 30), 월간",-0.1499592156745266,-0.5168810605774121,-0.9597476690864494,-0.1823024820524274,0.9336083909289675,-3.0659609972953277,-0.2473174084664019,0.7068110279788395,-4.174468719936141
LT13,"52주 고가 근접도 상위 30, 월간",-0.0789626260373147,-0.3526209437007918,-0.8319209542831263,-0.0907011393022165,0.5320271916268859,-1.7053585535382525,-0.13475208342277684,0.45946293853447534,-2.6277134760725924
AA01,"할로윈(11~4월 KODEX200, 5~10",0.0716689402463208,0.4492493556239202,-0.3463251388509029,0.035545565146913934,0.5108651110823436,1.570596969353712,0.037611845882891334,0.433582168600376,1.3628686584988257
AA02,K-올웨더(미주17.5·한주17.5·미채25,0.0505888456628706,0.5220889969825154,-0.1519276956609467,0.02672671614695612,0.2423773065873112,1.388434584859437,0.016459633927427143,0.239452301642628,0.9041664004396869
AA03,K-올웨더+할로윈(위험자산 5~10월 20%,0.0550428621343339,0.5242859051182494,-0.1670134883349782,0.03064641670847574,0.2678627819669963,1.369398587171787,0.01573397889938766,0.22617237532071127,0.7123652993604783
AA04,주식·채권 변동성 역가중(KODEX200·국,0.0270073786750879,0.2057897024219573,-0.2182994969195448,0.004134872360344371,0.21466064732020998,0.35168626483170917,-0.0033167299513601504,0.17534147843919665,-0.2885560677791519
AA05,영구 포트폴리오(주식·채권·금·달러 각 25,0.0325797793348918,0.3236891840566797,-0.1377281606009188,0.009541162315200816,0.20748811327103,0.8225002498984029,0.01205670896871717,0.25508962723519824,0.9536684735456864
AA06,ETF 듀얼모멘텀(KODEX200 vs 미국,0.0774432554669954,0.4681368901043161,-0.4079966919328492,0.051184131557321225,0.603314091456333,1.5471911568518537,0.04179022530016724,0.7983443855140533,1.2869541194547522
LT15,"고ROE(PBR/PER)+저PER 30종목,",-0.0376655880133476,-0.176651732104715,-0.6830706838137306,-0.06795993733127545,0.8344642258243972,-1.734403358495155,-0.0906973884276934,0.6203640228499352,-2.2269781462230553
LT16,한국판 JPX프라임150(시총상위500 중 ,0.0044468731799973,0.0061823135270994,-0.5056110395343707,-0.03147825055175015,0.8720259500091873,-1.1641745427426606,-0.05047766618455442,0.7340082832775605,-1.6431351852567824
LT17,밸류업 복합(저PER·저PBR·고ROE·고배,0.0234610220862903,0.0979913282147118,-0.4847261877088665,-0.0083142340104057,0.6311144806710121,-0.2853094746024311,-0.017016451645357804,0.4609393615965666,-0.53925095478484
LT18,"저변동성+저회전율+저MAX 복합 30종목, ",-0.0390771480289144,-0.6202596560562411,-0.6093889343408815,-0.06360700443976505,0.2053786802313118,-2.9187607887371882,-0.08225395759980836,0.12156590775204663,-3.7518314458152666
LT19,"저PBR+저MAX+저회전율 30종목, 월간",-0.0396072498340426,-0.4641429009137672,-0.6873524189897215,-0.07199063846932369,0.4394953409707722,-3.0771278379170774,-0.08165450883641395,0.2956188280725549,-3.288639247058808
LT20,EPS증가/주가(PIR 근사)+저PER 30,-0.0345051846666591,-0.1798677397113675,-0.6140548237220196,-0.05381875135062798,0.7786862591723777,-1.4604025024929257,-0.08036178510426642,0.5701732937244919,-2.050166915926343
LT21,신F-스코어(흑자·영업현금흐름+·무증자)+저,0.0783063069079534,0.429718552761361,-0.5761625214316077,0.05514316573474238,0.6263229427015216,1.6017459796575397,0.033937477707102495,0.46183962158853153,0.9080246098677606
LT22,SUE(표준화 EPS 서프라이즈) 상위 30,-0.004394998393941,-0.009863339785081,-0.5363492122786595,-0.03282662810131546,0.8185638358299321,-0.8546800766323589,-0.07183827966426232,0.6075885392511446,-1.7406568388710646
LT23,Amihud 비유동성 상위 30(유니버스 내,0.0051615241026363,-0.0768736098054933,-0.5600434312608862,-0.02279048077484666,0.3471340922619008,-0.8593620469260159,-0.04323126870589987,0.27131928683695744,-1.6029929357272723
LT24,"저회전율 30종목, 월간",-0.0518904223301104,-0.7176038812410925,-0.6925940704499542,-0.07811577610005375,0.21181472537903379,-3.3180615049140183,-0.09253123447711414,0.12775557137360002,-3.9356333076185543
LT25,저변동성 30 + KOSPI 10개월선 필터,-0.0139261328427074,-0.457556280372337,-0.400558577739599,-0.033021247834240534,0.09015995532321205,-1.9347006631439574,-0.05003005092331634,0.05650809608078887,-2.8570779518543907
LT26,저PER+저PBR 20 + KOSPI 10개,0.0111329164994535,0.0064027516380676,-0.3784334214402637,-0.009329153418202911,0.2963128419980202,-0.30553144279440836,-0.008447217106306205,0.289975921331903,-0.24883761697907594
LT27,저PER+저PBR 20 + 할로윈(5~10월,0.0916510819013074,0.5760718041984958,-0.4804893218444109,0.06153623174872399,0.3423718061522726,2.028408115906518,0.05637423955047005,0.26369408394779437,1.8013717908906017
LT28,저변동성 30 + 할로윈(5~10월 국고채),0.020611202473542,0.0418180066827514,-0.3594237261687106,-0.00017582396185378914,0.08881452340246254,-0.009070530440945418,-0.016763371860772557,0.05996624356041469,-0.917640888519392
SW17,월말·월초(TOM): 코스닥150 ETF 월,0.0292027938694756,0.1774529011188124,-0.3325141520696116,0.010124515823460021,0.23799518688085528,0.25917527285439057,-0.02933781241229554,0.25305907032550146,-0.6746119540910083
SW18,월말·월초(TOM): KODEX200 월말 ,-0.0223613205059193,-0.4909849634692687,-0.4677005976108789,-0.04731207665051765,0.22331506905788806,-2.508008283989568,-0.04903492530613788,0.31872926487236625,-1.8851839706945481
SW19,Double 7s KODEX200(200일선,-0.0050656730672355,-0.2154434857861778,-0.3977440891024132,-0.028066292710243457,0.2728614965260035,-1.3566348283876792,-0.037035928297373635,0.422885872901683,-1.299861790396573
SW20,Double 7s 코스닥150 ETF,-0.04182020112719,-0.2689944952067838,-0.3828776591716383,-0.05744486764810223,0.41167600740844335,-1.0713182252598223,-0.02786669617399246,0.285291503389007,-0.5021914354490379
SW21,Connors %b KODEX200(%b 3,0.0089421837526957,-0.0558913508129636,-0.3395283102246045,-0.013212943211470556,0.2998367339439591,-0.6091836577974338,-0.0398642274178045,0.318165032818809,-1.4594461996268233
SW22,누적 RSI(2)<10 대형주(200일선 위,-0.0702361038354569,-0.2495527044297056,-0.8455067962225613,-0.07431871934802663,0.5054897760131005,-1.2046970920738354,-0.12227351483025557,0.5378267587588701,-1.9971719578383627
SW23,Connors R3 대형주(RSI2 3일 연,-0.0389589185627036,-0.1795422522501071,-0.7212584433560107,-0.055807621233111275,0.7222394858104179,-1.2763971931828904,-0.07425212182960075,0.6342103161801189,-1.6539484261016133
SW24,오닐 베이스 돌파(60일 박스 15% 이내),-0.0209395715201069,-0.1998882955451786,-0.6428401929611511,-0.0398983801821417,0.420122081734422,-1.1866924350780237,-0.06088079351976817,0.33236483033414743,-1.7434068373523715
SW25,거래량 급감(5일<50일의 50%) 상승추세,-0.290814453444728,-1.185877771621649,-0.9964504554916064,-0.3446428062188643,0.7838071600775963,-5.395741072687938,-0.3991845516990186,0.6476960443196176,-6.120917395232931
SW26,KIS 공식 trend_filter(종가>S,-0.6452624904881274,-4.547485289522901,-0.9999998090731408,-1.0422662748620584,0.5856294434981049,-19.164815052682275,-1.0456104038096286,0.4424877150537782,-19.308047706528953
SW27,KIS 공식 momentum(ROC60 0 ,-0.3253894083969086,-1.527372975388918,-0.9962776317685156,-0.4000455257819945,0.7461402066339807,-6.979487569465798,-0.4103358618115413,0.6555211290488391,-7.121959027115935
SW28,KIS 공식 변동성 수축→확장(ATR10<A,-0.5127156504792831,-2.918029671589482,-0.999982348514134,-0.7240709262941617,0.6609001460409613,-12.591026215800387,-0.7522988554280104,0.5221099258970819,-12.928996648870019
SW29,KIS 공식 이격 역추세(종가<SMA20×0,-0.1488012384683581,-0.513626434615938,-0.929482390418531,-0.16542402308263046,0.9256208532220918,-2.758810380496906,-0.22200050700058047,0.6222114720601671,-3.7951352507606986
SW30,전고점(최대 10년) 신고가 매수 + 1×A,-0.6810306593351281,-4.175188702573323,-0.9999999154711284,-1.1279639330956,0.22195738455330646,-15.682215233105534,-1.069739842994301,0.28405882788424275,-15.105971030026671
LT29,대형주(시총 상위200) 12개월 모멘텀 상,0.0276167836347023,0.153141714884066,-0.6126916766258741,0.013974031542267042,0.8644053871918839,0.2898833058439409,-0.008811198137231213,0.8717272627383276,-0.18095916528054204
LT30,대형주 12-1 모멘텀 상위 80 중 FIP,0.0027114072897655,0.0339704039737107,-0.6167414574989393,-0.014514769074985024,0.8661990336278564,-0.34724109776147805,-0.027995216996940086,0.8357276511946019,-0.675334973146795
LT31,Clenow Stocks on the Mov,-0.0212123034988953,-0.1092202394777722,-0.6770901137436369,-0.033837157272714635,0.378721266672095,-0.7006500585515009,-0.03050708568084679,0.3907918859584449,-0.6361437924329529
LT32,연말 배당 교대(9월말 대형 고배당30 → ,0.0916641746355337,0.7234201061546096,-0.1847999709683299,0.0683668079661206,0.1909240992134835,2.601482934803291,0.06602757984511118,0.11150571185595218,2.6138095104947787
LT33,easygap 상대강도 로테이션(0.6·60,-0.3773085718281482,-0.949630406500692,-0.9994746933513112,-0.43036626286847873,0.7165270413267191,-3.9990382302515233,-0.4672381356535985,0.4999705903684564,-4.598353673488126
LT34,시장상태 모멘텀(KODEX200 12개월>0,-0.1326621796640457,-0.453924951644199,-0.9408624589736564,-0.1362146325297106,0.4936035985951385,-1.9426506386254279,-0.19400799878612252,0.5742120663408965,-2.7715491764920177
LT35,Consistent momentum(두 6개,-0.0010610062649835,0.0484754654185276,-0.6643349139144612,-0.02010412352312334,0.9352740425813935,-0.3981470627885445,-0.0516146281637837,0.8107996456769382,-1.0110948482244098
LT36,12개월 주기(1년 전 같은 달 수익률 상위,-0.1767526798283402,-0.6838635038556766,-0.963631814809805,-0.20213542362573372,0.9229478761412683,-3.6326054873409706,-0.2591575411605485,0.7434393221900445,-4.5908546122238905
LT37,고변동성 내 모멘텀(시총 상위50%·변동성 ,-0.0964218369797719,-0.2497676313622716,-0.827309169793359,-0.10900017704279036,1.0056322184192774,-1.6794229211428364,-0.1283869485398759,0.8765175888341042,-1.9792484776855035
LT38,모멘텀+회전율(12개월 상위20% 중 회전율,-0.2559839510749609,-0.8562877724059287,-0.9917719854110888,-0.2888942767417811,0.9141670699270225,-4.009154814823204,-0.3422952495411121,0.7879640769018428,-4.848978462870929
AA07,코스피 절대모멘텀(KODEX200 10개월선,0.0255803201597966,0.0945464965199826,-0.4079966919328497,-0.007576948486160875,0.48156614785930146,-0.33087007917745953,0.007578721273008949,0.7024823563818818,0.2950744157236037
AA08,systrader79 평균모멘텀 스코어(주식,0.0270988977232442,0.2661423127911675,-0.202765573054571,0.004274774323884928,0.21068921551000902,0.5055915264400993,0.007939486192055745,0.32892197436334514,0.7330544591106225
AA09,HAA-Simple(미국 TIP·SPY 모멘,0.0954326576494353,0.6713068290430316,-0.1681068601903435,0.0725701637106585,0.3115330806698191,2.4556603231049667,0.05339526194812183,0.22694064590781265,1.8862804384575054
AA10,LAA 한국판(KODEX200·금·국고채10,0.0652233341437638,0.5229479582856004,-0.1908007791435451,0.030669311259201956,0.3843973908550716,2.068696622254605,0.024392433215621658,0.3598446325779208,1.642150172777126
AA11,DAA1-U1(미국 VWO·BND 카나리아 ,0.0460950582086541,0.3598749988986109,-0.3624557816277812,0.02616370388398537,0.17302955331357173,1.097528612699573,0.007619211251734414,0.16278957645464834,0.3012361170834448
AA12,한미 평균모멘텀 스코어(한국주식·미국주식·국,0.0283884955374558,0.2118736453642902,-0.1175329536505588,0.005528468074527054,0.19509562004414513,0.5742701298009094,0.0032749808318684255,0.22362551907034675,0.35513956033455396
AA13,GTAA5 한국판(미국주식·선진국·국고채10,0.0211522681662268,0.0834626389112679,-0.1381542043404824,0.0013959509571469146,0.1351954834663381,0.09443401319691481,-0.001978088202208259,0.11549744716519562,-0.13089492619496584
AA14,HAA-Balanced 7자산(미국 TIP ,0.0436936324044956,0.3434000315827501,-0.1504815734720865,0.028620166781831505,0.06619127037599612,1.1110232851471904,0.017861822857368495,0.13171940076120997,0.7143560673665459
AA15,VAA 공격형(미국 SPY·EFA·EEM·A,0.033605850996905,0.234263174037698,-0.1774937525204942,0.014547482029916656,0.15198550814038825,0.6362941239427952,-0.0034455280282757374,0.23604846367955765,-0.14188723433453146
AA16,섹터 ETF 모멘텀(섹터 9개 중 12개월 ,0.0506745808993016,0.2685068384484625,-0.5380567452509473,0.025613093944927938,0.8757267787123422,0.6926209065871037,0.020712603267625262,0.8365554018173855,0.5543929051498536
AA17,"코스피·나스닥100·달러 1:1:1, 분기",0.0831306011158263,0.6731147297374754,-0.2194282456713381,0.04968345388940496,0.3912839338302966,2.81852545344562,0.04319371700553134,0.3933767601390899,2.5356650289347
AA18,Paired switching(KODEX20,0.051588372018658,0.3281571434564345,-0.4079966919328495,0.02577915628022978,0.5620542845792732,1.0100608673349423,0.03537758360559661,0.7829019000264207,1.3300490262779396
AA19,골든 버터플라이 한국판(KODEX200·20,0.0235738370978071,0.1069828600690084,-0.2076118368721871,-0.0008206834331059095,0.3258804897329108,-0.06901819522830284,-0.0023501775430962795,0.3683606298501047,-0.1860636502572894
AA20,자산군 모멘텀(미국주식·선진국·국고채10년·,0.0287238201486779,0.1711884176129942,-0.2995617177185383,0.005996090300203431,0.3357210445328737,0.2239256913665702,-0.004668014881669031,0.24078857616753246,-0.17211052989363332
LT33b,"LT33 + 원문 청산(익절 7%, SMA6",-0.2279891481866682,-1.24715065360982,-0.9728416583440772,-0.2624958955402448,0.2607706069169838,-4.856827922398094,-0.2455825657404469,0.19309215942588567,-4.796779017071948
LT39,신마법공식 1.0(저PBR+고GP/A 순위합,-0.0242467768167945,-0.1237906088317232,-0.5337262808170722,-0.04077894343043264,0.6751928421384511,-0.8253015048594394,-0.05481267614205418,0.41299096699052057,-1.0555730262000003
LT40,신마법공식 분기판(저PBR+고GP/A) 30,-0.0426578792728226,-0.2289257317167536,-0.5845680556001878,-0.06950296104394274,0.6878762204356166,-1.4566603439531605,-0.09113152246762879,0.41489392072435766,-1.786723751204587
LT41,F-score(9항목)≥7 중 저PBR 30,0.0555036226052885,0.2951206372135109,-0.4872782179381867,0.032652307232772314,0.6685674931096421,0.6042480717925558,-0.0010084993253866603,0.4454858142286479,-0.01782750263090008
LT42,신F-스코어(흑자·영업현금흐름+·무증자)+저,0.0343757075252095,0.1927181437620274,-0.5262138658976807,0.018260443371085025,0.6056094436006494,0.3595437569453337,-0.004413023916584795,0.4095509003716068,-0.08185626272990279
LT43,"영업현금흐름/시총(OCF/P) 상위 30, ",-0.0027764435115017,0.0228534503288534,-0.5994282626397052,-0.027831974894506683,0.8156726706492212,-0.5107421967634352,-0.05489271611272257,0.5182571773389536,-0.9223560142668904
LT44,슈퍼퀄리티 업그레이드(신F 통과 → 고GP/,0.0068288537072778,0.0440887651907646,-0.4686777347286037,-0.014680170877530227,0.666256458378391,-0.27333439347099026,-0.047299192014506546,0.4272194155332786,-0.8563560954884103
LT45,"저자산성장 30종목(흑자 기업), 연1회",-0.0292368525135579,-0.0756056079068133,-0.5584220659007568,-0.040676438712352166,0.8659727562398704,-0.6585327676455759,-0.0740543920624723,0.6120242859787333,-1.1712789582697218
LT46,PIR(영업이익 TTM 증가분/시총) 상위 ,-0.0288352334849235,-0.0644798541825039,-0.6639323112008558,-0.037537903413523664,0.8456558931665416,-0.5359854070676189,-0.11020932246806692,0.5975138090873325,-1.5627964326672774
LT47,"GP/A 단독 상위 30, 분기",-0.0230422796659379,-0.0787215936463875,-0.4459842473427877,-0.04546183604032082,0.7223850568115906,-0.7760975520971425,-0.08984598964698436,0.42813364145647287,-1.4929915556899842
LT48,밸류업 복합(저PER·저PBR·고ROE·영업,-0.0223743134529571,-0.0982704767079699,-0.5981308321305598,-0.04830962877619497,0.7305051759006324,-0.9622752594771282,-0.054446506082142625,0.4760248879248178,-1.0256081873162526
LT49,멀티팩터(가치·성장·소형·퀄리티 1:1:1:,0.0058418220126497,0.0487754285187936,-0.5356741961635856,-0.007894021065780759,0.6799949402136957,-0.13579922285233717,-0.03824369076021086,0.4164103508851959,-0.6507620934594908
LT50,멀티팩터 20 + 할로윈(5~10월 국고채1,0.0655588012038184,0.3923949808711039,-0.484700352004444,0.048606213437594824,0.39343426938443643,0.9661936724899682,0.03359141957161714,0.23823534285190748,0.7006496431415223
H02,국고채10년 보유,0.0234100047034209,0.1468167343370242,-0.2043000724084528,0.007730976333891795,0.0008881110072229185,0.5243579024294119,-0.0012246457478345745,0.015631355666761177,-0.08818461628706276
H03,금선물 보유,0.0188000198204749,0.0834897063763989,-0.4662190184236845,0.009269304070485268,0.11848541065197375,0.21802658355528323,0.017551463613719384,0.14987599932599924,0.3987900904233984
H04,미국달러선물 보유,0.0245045676281268,0.1127202090372502,-0.1561041488836165,0.01716817797654582,-0.2530280124062257,0.8850931668097831,0.025369102220700004,-0.1671736232156531,1.2885118386017103
H05,미국나스닥100 보유,0.1657135546795094,0.804329146520358,-0.3462410400411591,0.13789557969039737,0.45868050798399485,2.961347407711995,0.10953983065948196,0.34417373318082817,2.423622414782169
H06,KOSPI200 인버스 보유,-0.0491618010504453,-0.3124163214373107,-0.9173965926212344,-0.015640641562101702,-1.0104962689338948,-2.3384207873785643,-0.01362154528860222,-1.0055793210612307,-2.108799591998148
H07,KOSPI200 커버드콜 보유,0.0021046624734875,-0.027792292423047,-0.3135875168842859,-0.02008052752766601,0.5995562595872339,-0.6434392503010475,-0.026358561998424533,0.5433804353639361,-0.7663188010668655
H08,고배당주 보유,0.0721475778641549,0.4093119634024222,-0.5154274218688968,0.0415681641019874,0.7112421755514085,1.2440792525289681,0.03650485588288734,0.5094572280635103,0.9966603419535257
H09,국고채3년 보유,0.0231044117131014,0.1030208031769497,-0.0617786656114922,0.001770785437749355,0.004373774731913552,0.3587272801615797,-0.000903106602505711,0.00832637863406539,-0.19264538033805323
DF01,"실무형 변동성 타기팅(KODEX200, 목표",0.0173424619401822,0.0215699383872611,-0.2614449416534207,-0.018025509415586664,0.5402107164611992,-1.878154083578778,-0.013491905293317502,0.37902628363551333,-0.9638719574040541
DF02,멀티에셋 시계열 모멘텀(12개월 부호·변동성,0.0164495886747919,-0.0615946051451054,-0.0442344891690573,-0.0034203024343836567,0.05871270577504089,-0.4242141403173289,0.004181950888908505,0.04088606009714747,0.5107924022675077
DF03,위험균등 + 10개월선 필터(주식·채권·금·,0.01908423202911,0.0426898510118239,-0.1968017692561493,-0.0008060956808676595,0.09508524933963626,-0.054746122228303704,0.006279903266394903,0.06984601267390261,0.45189216348080025
DF04,KODEX200 70% + 달러선물 30%(,0.0393184475460619,0.2090375968589232,-0.3091560578127046,-0.0016814888602268536,0.6464771614264895,-0.3414686895138789,0.0014473893834549077,0.6521296890577449,0.28920699876473577
DF05,경기방어 섹터 로테이션(KOSPI 10개월선,-0.0022120633634596,-0.0850614247574255,-0.4668420814300086,-0.03009677733609055,0.5478598261638576,-1.2020335933627244,-0.013692935521025469,0.7484458066998901,-0.5202999551461517
DF06,최소변동성 스위칭(KOSPI 10개월선 아래,0.0505977825963972,0.2519734570202382,-0.4079966919328496,0.005836944410645988,0.9165588078927117,0.45818000601792175,0.006732667898874944,0.9492482451882089,0.558019124477794
DF07,TIPP 낙폭 통제(하한 = 최고가치×85%,0.0166956766256527,0.0373958881544467,-0.2501484073179852,-0.00842862306262711,0.3724514711501977,-1.2322959248503882,-0.014270216379761433,0.4307827085099282,-1.5168176353744902
DF08,"금 추세(10개월선 위면 금선물, 아니면 단",-0.0154998324995018,-0.2042521541030263,-0.4534521989017926,-0.027728405430641295,0.08453057027673588,-0.8081037123304267,-0.01644112615201012,0.11883632381890602,-0.43263689962714436
AA21,감마팀 거시 국면 배분(골디락스 KODEX2,0.0870292199920905,0.4237871670666345,-0.3155245887697345,0.06537307389702188,0.5061072811207092,1.3632983618587657,0.09490084171226529,0.38155674051194394,1.8405201732115635
AN01,"비율발생액(Pta) 낮은 30종목, 연1회",0.0010225210435457,0.0582225436475824,-0.5575921746493091,-0.008802868944189602,0.8479702343846521,-0.13639875337697444,-0.060386541081481976,0.5923936945791431,-0.9410973225817174
AN02,복합주식발행(Cei) 낮은 30종목(주식수 ,0.0524881406912032,0.2814551341593015,-0.5817478929414002,0.01986444091385334,0.8181391724353929,0.3984131618242217,-0.006259298546554279,0.6101261219969795,-0.1214774177934386
AN03,잔차모멘텀 6개월(36개월 CAPM 잔차) ,-0.1495093749021443,-0.5134142816283259,-0.9335935904110888,-0.1684601134602223,0.8902054440421628,-2.498028229628348,-0.23091638711518533,0.7269796387513371,-3.4907065737900127
AN04,고유변동성(1개월 CAPM 잔차) 낮은 30,-0.0880370241670724,-1.2020598929343145,-0.7964637624018032,-0.11941474966584296,0.2587057784485386,-5.782933561483107,-0.13331605896397597,0.15086807086060713,-6.23283438537221
AN05,"매출/시총(Sp) 상위 30, 분기",0.0112649565664173,0.0958051154458624,-0.6658281724323704,-0.012425566785498922,0.8489167680951513,-0.2118516703615453,-0.012100351277303668,0.5308439741136356,-0.19117434998037003
AN06,"자산/시총(Am) 상위 30, 분기",0.0308702405055147,0.1793423124160145,-0.6342021964892519,-0.007431928696365937,0.7967631289347017,-0.14870240821564404,-0.014623743694992863,0.5767446465925257,-0.25954251447182625
AN07,좌측꼬리위험(12개월 일간수익률 2.5% 분,0.0363415651029357,0.2359534350549748,-0.4570329318961597,0.015732659592511404,0.22860914199142435,0.7020043199124439,-0.016002684487951783,0.14147521939321028,-0.7045899354518632
AN08,"영업이익/전기총자산(Ola) 상위 30, 분",-0.0194656865583116,-0.0084557149513107,-0.5448394323162923,-0.040124029281147784,0.9468735732227914,-0.5945310269671422,-0.06908428647555953,0.7249293822343085,-1.0318135691754615
AN09,자본증가율(dBe)·영업발생액(Oa) 낮은 ,-0.1400646853867193,-0.5703661319145789,-0.7332014994163938,-0.1567071148646157,0.7365642670055546,-2.155934294030307,-0.1917577194240117,0.5539112089968585,-2.6619958820393115
AN10,"거래대금 변동계수(12개월) 낮은 30종목,",0.005245823919812,0.0076724977408872,-0.5647948421965668,-0.026262449658329353,0.8061166033568838,-1.0603342187026354,-0.03276932578357107,0.5369235697938348,-1.0351977979732863
EV01,"자사주 직접취득 결정 → 다음날 시가, 20",-0.011359012463344,-0.0636399736740297,-0.5555215709103805,-0.03870631300824736,0.6082617225786807,-0.8837383476168748,-0.05561487929314247,0.41542779993041856,-1.2264201614244856
EV02,자사주 직접취득 + 공시 전 10일 하락 →,0.0256466944278188,0.1480718520985049,-0.4202980340454209,-0.000394979528646413,0.48549424847433553,-0.010202828356781777,-0.024282091656160923,0.32108126326125414,-0.6279431080328601
EV03,"자사주 신탁계약 체결 → 다음날 시가, 20",-0.0022469356108374,0.0410384008715848,-0.592331363236233,-0.026484616548920245,0.7851724068103639,-0.4523659076966504,-0.04418453934218468,0.5086264530891831,-0.7595977973139824
EV04,EV02 + 최근 1년 악재공시 종목 제외,0.0243740513552417,0.139880492883984,-0.4028112413213415,-8.208641231801862e-05,0.40840371139496057,-0.002276921473156877,-0.024130262394361553,0.26172302427358146,-0.6654507544616725
EV05,EV03 + 최근 1년 악재공시 종목 제외,0.0398452468851813,0.2228621529142264,-0.5012598486979567,0.013531690423599434,0.752197105786576,0.2467736928415217,-0.004485700171461032,0.500288974325613,-0.08194515892923261
EV06,잠정실적 서프라이즈(영업이익 YoY +30%,-0.072849062470218,-0.3945193153950106,-0.6453024087287702,-0.09685975185282067,0.524733949157774,-1.8715917666404462,-0.10149431632752731,0.4969200519474594,-1.9553703698666542
EV07,"EV06 과 같은 신호, 10거래일 보유",-0.1405805314780818,-0.9078127802746516,-0.7821514479699466,-0.17029415148227903,0.40406461736196725,-3.485270584657244,-0.1678559322036569,0.39974797668216444,-3.4365555200542985
EV08,EV06 + 최근 1년 악재공시 종목 제외,-0.087880308849653,-0.5227236542557273,-0.6632045316244142,-0.11412753256396474,0.5043300031173451,-2.3529307749357598,-0.1064295159609156,0.4679898796070607,-2.114838283791164
