id,type,exit_rules
ON01,리밸런싱(ETF),
ON02,리밸런싱(ETF),
ON03,리밸런싱(ETF),
ON04,리밸런싱(ETF),
ON05,신호형,hold
ON06,신호형,hold
ON07,신호형,hold
ON08,신호형,hold
ON09,신호형,hold
DT01,리밸런싱(ETF),
DT02,신호형,hold
CD01,신호형,"hold,sl,tp"
CD02,신호형,"hold,sl,tp"
CD03,신호형,"hold,sl,tp"
CD04,신호형,"hold,sl,tp"
CD05,신호형,"hold,sl,tp"
SW01,신호형,"exit,sl"
SW02,신호형,"hold,sl"
SW03,신호형,exit
SW04,신호형,hold
SW05,신호형,hold
SW06,신호형,"hold,sl"
SW07,신호형,"hold,sl,tp"
SW08,신호형,exit
SW09,신호형,"hold,sl,tp"
SW10,신호형,"hold,tp"
SW11,신호형,"exit,hold"
SW12,신호형,"exit,hold"
SW13,신호형,"hold,sl"
SW14,신호형,"hold,sl"
HK01,신호형,"hold,sl,tp"
HK02,신호형,"hold,sl,tp"
HK03,신호형,"hold,sl,tp"
HK04,신호형,"hold,sl,tp"
HK05,신호형,"hold,sl,tp"
HK06,신호형,"hold,sl,tp"
HK07,신호형,"hold,sl,tp"
HK08,신호형,"hold,sl,tp"
HK09,신호형,"hold,sl,tp"
HK10,신호형,"hold,sl,tp"
LT01,리밸런싱,
LT02,리밸런싱,
LT03,리밸런싱,
LT04,리밸런싱,
LT05,리밸런싱,
LT06,리밸런싱,
LT07,리밸런싱,
LT08,리밸런싱,
LT09,리밸런싱,
LT10,리밸런싱,
LT11,리밸런싱,
LT12,리밸런싱,
LT13,리밸런싱,
LT14,리밸런싱,
AA01,리밸런싱(ETF),
AA02,리밸런싱(ETF),
AA03,리밸런싱(ETF),
AA04,리밸런싱(ETF),
AA05,리밸런싱(ETF),
AA06,리밸런싱(ETF),
LT15,리밸런싱,
LT16,리밸런싱,
LT17,리밸런싱,
LT18,리밸런싱,
LT19,리밸런싱,
LT20,리밸런싱,
LT21,리밸런싱,
LT22,리밸런싱,
LT23,리밸런싱,
LT24,리밸런싱,
LT25,리밸런싱,
LT26,리밸런싱,
LT27,리밸런싱,
LT28,리밸런싱,
SW15,신호형,hold
SW16,신호형,hold
SW17,리밸런싱(ETF),
SW18,리밸런싱(ETF),
SW19,리밸런싱(ETF),
SW20,리밸런싱(ETF),
SW21,리밸런싱(ETF),
SW22,신호형,exit
SW23,신호형,exit
SW24,신호형,hold
SW25,신호형,hold
SW26,신호형,"exit,sl,tp"
SW27,신호형,"exit,sl"
SW28,신호형,"exit,sl"
SW29,신호형,exit
SW30,신호형,"sl,trail"
LT29,리밸런싱,
LT30,리밸런싱,
LT31,리밸런싱,
LT32,리밸런싱,
LT33,리밸런싱,
LT34,리밸런싱,
LT35,리밸런싱,
LT36,리밸런싱,
LT37,리밸런싱,
LT38,리밸런싱,
AA07,리밸런싱(ETF),
AA08,리밸런싱(ETF),
AA09,리밸런싱(ETF),
AA10,리밸런싱(ETF),
AA11,리밸런싱(ETF),
AA12,리밸런싱(ETF),
AA13,리밸런싱(ETF),
AA14,리밸런싱(ETF),
AA15,리밸런싱(ETF),
AA16,리밸런싱(ETF),
AA17,리밸런싱(ETF),
AA18,리밸런싱(ETF),
AA19,리밸런싱(ETF),
AA20,리밸런싱(ETF),
LT39,리밸런싱,
LT40,리밸런싱,
LT41,리밸런싱,
LT42,리밸런싱,
LT43,리밸런싱,
LT44,리밸런싱,
LT45,리밸런싱,
LT46,리밸런싱,
LT47,리밸런싱,
LT48,리밸런싱,
LT49,리밸런싱,
LT50,리밸런싱,
H01,리밸런싱(ETF),
H02,리밸런싱(ETF),
H03,리밸런싱(ETF),
H04,리밸런싱(ETF),
H05,리밸런싱(ETF),
H06,리밸런싱(ETF),
H07,리밸런싱(ETF),
H08,리밸런싱(ETF),
H09,리밸런싱(ETF),
DF01,리밸런싱(ETF),
DF02,리밸런싱(ETF),
DF03,리밸런싱(ETF),
DF04,리밸런싱(ETF),
DF05,리밸런싱(ETF),
DF06,리밸런싱(ETF),
DF07,리밸런싱(ETF),
DF08,리밸런싱(ETF),
AA21,리밸런싱(ETF),
AN01,리밸런싱,
AN02,리밸런싱,
AN03,리밸런싱,
AN04,리밸런싱,
AN05,리밸런싱,
AN06,리밸런싱,
AN07,리밸런싱,
AN08,리밸런싱,
AN09,리밸런싱,
AN10,리밸런싱,
EV01,신호형,hold
EV02,신호형,hold
EV03,신호형,hold
EV04,신호형,hold
EV05,신호형,hold
