mode,period,CAGR,Sharpe,MDD,Vol
none,2012-2019,0.020831908958449663,0.11041760406470232,-0.18045855297125613,0.07155851152925043
none,2020-2024,0.033082794677864014,0.22087124276836628,-0.1967304210136036,0.08423516092210664
none,2025-2026,0.25559069808988477,1.620023373914978,-0.12431321631963299,0.13238827684692933
none,ALL,0.049910886881937344,0.4167905735415409,-0.19673042101360294,0.08511368322615576
d1,2012-2019,0.004618894711264421,-0.09789339881235477,-0.17893119149942616,0.07783848193593794
d1,2020-2024,0.021595413359433602,0.09143089643572525,-0.21417864838742284,0.11579108990426844
d1,2025-2026,0.39074149877166375,1.2302206805329985,-0.27601960067278275,0.2826788419362852
d1,ALL,0.049238220567332514,0.30371717252121194,-0.32572820867100616,0.13099887610175642
d2,2012-2019,0.007540852611277904,-0.04039034244347628,-0.20821690709085416,0.09046405352641941
d2,2020-2024,-0.030988587919194455,-0.40985932588542223,-0.2566000319871473,0.10561415774151069
d2,2025-2026,0.22598336684760723,1.015223824678461,-0.17489924805995416,0.1981248183969935
d2,ALL,0.017171431769915646,0.05816241320850933,-0.390253011839959,0.1131838294099527
d3,2012-2019,0.002762261478447492,-0.11171269214066407,-0.26915605813349786,0.08186289116804525
d3,2020-2024,0.04699987981746245,0.30443440897972474,-0.19468915689571697,0.11522752756931622
d3,2025-2026,0.28192215434926626,1.3965663230522185,-0.15403230887468888,0.1728245652716347
d3,ALL,0.04703034050434307,0.3237150127890513,-0.26915605813349786,0.10790198960759377
d4,2012-2019,0.013444324570726085,0.020443702059408948,-0.25178099434383017,0.085590146653053
d4,2020-2024,0.03827088533075029,0.2543647090332082,-0.18618260794642993,0.0977001645700568
d4,2025-2026,0.26264484235189567,1.2777851681502972,-0.15971714581287433,0.177606736213315
d4,ALL,0.04823868523944763,0.34205503305819873,-0.34345141559280556,0.10441555815001863
KODEX200,2012-2019,0.04296937323778294,0.2709222033136732,-0.23003867072232376,0.1301917199158495
KODEX200,2020-2024,0.03800841567667668,0.19936393011117098,-0.3463251388509032,0.20952008916281667
KODEX200,2025-2026,1.1557016987404207,1.7998691456429408,-0.4079966919328494,0.47806104238706815
KODEX200,ALL,0.13284631549410486,0.5906331873297193,-0.40799669193284915,0.22560036873607642
EW_all,2012-2019,-0.20454922060537284,-2.8834622647313575,-0.837883040327091,0.08331476188702239
EW_all,2020-2024,-0.19241419101666013,-1.7718422587105622,-0.6528026915163081,0.12582771688897143
EW_all,2025-2026,0.009130026368538102,0.026151830850483684,-0.27280892968128445,0.1916346073034096
EW_all,ALL,-0.17804854294994177,-1.7778713779345183,-0.9460225082180205,0.11591354649439595
