mode,period,CAGR,Sharpe,MDD
none,2012-2019,0.03244691787025111,0.7071265542941804,-0.08646093214400474
none,2020-2024,0.047247127488571294,0.6824971091046583,-0.14456956539678745
none,2025-2026,0.2322789036195907,1.7912108995155949,-0.11405185855775835
none,ALL,0.058988252005419683,0.8773762146128784,-0.14456956539678667
w12,2012-2019,0.02939638273479117,0.4941972942958154,-0.14948198636883503
w12,2020-2024,0.03954707019863868,0.4609979391283444,-0.14656652444338458
w12,2025-2026,0.2385107148692298,1.1372368252421141,-0.17276082956775074
w12,ALL,0.05525229360813344,0.5856560843817183,-0.17276082956775107
w36,2012-2019,0.022474394766778483,0.42522229816363877,-0.12775957165578267
w36,2020-2024,0.01258742776876609,0.20700590578582825,-0.10367489501398153
w36,2025-2026,0.16768980577148018,1.0845016466389326,-0.17380707215218838
w36,ALL,0.034932259408835264,0.47273994871374436,-0.17380707215218827
w60,2012-2019,0.023506702229214138,0.49081659507291425,-0.11669569311104822
w60,2020-2024,0.03917465513713991,0.4934773675427727,-0.13182554793761714
w60,2025-2026,0.10120782227682423,0.7264408710432262,-0.1692966722970235
w60,ALL,0.03758724437376082,0.5028244195488366,-0.1692966722970234
mix12,2012-2019,0.032808049368106884,0.5929399064693577,-0.11158935687599081
mix12,2020-2024,0.0456584421134314,0.5296019856687308,-0.14656652444338458
mix12,2025-2026,0.25315856271855175,1.5318487239931187,-0.13439598349380177
mix12,ALL,0.0607095187054858,0.7244920909978119,-0.14656652444338425
