variant,IS11_19_CAGR,IS11_19_Sharpe,IS11_19_MDD,OOS20_24_CAGR,OOS20_24_Sharpe,OOS20_24_MDD,OOS25_26_CAGR,OOS25_26_Sharpe,OOS25_26_MDD,picked_by_IS
BASE,0.07484543970445734,0.8539716003501479,-0.08085473913613839,0.08159090113045786,0.8009894585872709,-0.13216954063811215,0.2258098653998628,1.5778203149122438,-0.10013826999624498,False
M1_vol6,0.06103550052095574,0.7822954931175327,-0.06809908013954469,0.0539916984325044,0.6190746538812262,-0.09069829744270275,0.15136891728893365,1.9295764641538662,-0.048928125042072224,False
M1_vol8,0.06747451321064113,0.8200880066135195,-0.07597796199611906,0.0638707916335528,0.6587253383049692,-0.11356579366726782,0.1741181239574927,1.7903641635551764,-0.06115605818758374,False
M1_vol10,0.07106562043796738,0.8431682512634542,-0.0798216541688157,0.07250354213298826,0.7170205490645113,-0.12699827969575228,0.1945815714596406,1.7376012524525546,-0.06605981861672172,True
M2_ex6,0.030637083802035336,0.20714180919262104,-0.10915833948311227,0.031290142283734834,0.221054173495781,-0.14319916653731624,0.13821161127191872,1.1434382914668235,-0.06941828897798286,False
M2_ex12,0.03261071832272333,0.27874449807334106,-0.1263154755118432,0.048893660659218074,0.41646541290357253,-0.15028930775747484,0.08984878547532738,0.7153276380855768,-0.06941828897798219,True
M2_resid12,0.032558608653601384,0.26160508364445184,-0.12658664655767216,0.031445424301402625,0.21091416275056363,-0.15028930775747484,0.12695836701497054,1.2267224490338542,-0.06680329497776971,False
M3_k0.25,0.06962249645510554,0.8290613565353944,-0.08085473913613839,0.07343807054499107,0.7491236679559413,-0.13216954063811215,0.2199271782129777,1.5678859209857066,-0.10013826999624476,True
M3_k0.5,0.06434366343993925,0.7862924578634913,-0.08085473913613839,0.06522637725719882,0.6777418123827689,-0.13216954063811215,0.21396995808880903,1.5482467429620368,-0.10013826999624487,False
M3_k1.0,0.05362246124665737,0.638474231884254,-0.08085473913613839,0.0486352114195705,0.4754492726251783,-0.13216954063811215,0.2018373560458555,1.4782081366707374,-0.10013826999624476,False
BM_KODEX200,0.024795089978522755,0.11435221723288705,-0.27395510805860157,0.03800841567667623,0.1993639301111703,-0.3463251388509033,1.1557016987404234,1.7998691456429414,-0.4079966919328496,False
BM02_45_55,0.020103246003726705,0.05308270479699718,-0.13022380790453136,0.030185452499269072,0.17863302154143018,-0.1641400241154819,0.47398948501267135,1.8921717037823462,-0.1888847409061588,False
