창,주기,임계,IS샤프,IS연,OOS샤프,OOS연,2526샤프,2526연
5,1,0.0,0.2415275581003344,3.790484091744406,0.18733468571339768,3.5399858580609456,1.275957054544297,45.54949178286392
5,1,0.01,-0.2115595945487196,-2.0716789840022787,0.2664533200975772,4.99328096289724,1.200973383554708,45.62851513443589
5,1,0.02,0.16714740454405455,2.6498679413464066,0.48329772897241824,7.733508361303398,1.4704601989192954,56.81528393038722
5,1,0.03,-0.22070832366181514,-2.661073119996793,0.3505275984797904,5.9568049475619445,1.0944102459028984,39.739834546483685
5,1,0.05,0.10237684025071546,1.7405169536935494,0.5692676608018545,8.397950209103943,0.8281289392210952,32.85284750303348
5,5,0.0,-0.13831888544221654,-1.9660311472246783,0.22855897369214753,4.316607425337038,1.371028682707505,58.285724936851224
5,5,0.01,0.41543964146705503,5.914798275005384,0.18082177893548004,3.4438875331806784,1.1069967144086832,43.9947959524777
5,5,0.02,0.500646034044533,7.148250230714792,0.9934844483211056,14.987616370546153,1.3200139948930494,54.94565547001653
5,5,0.03,-0.02198314270381805,-0.005408350942670559,0.5307257883991847,8.474931619342229,0.9600359862092913,36.57628883014152
5,5,0.05,0.12053496896731111,2.0093381443762492,0.39234252388197394,5.994687308361946,1.0980296159967347,51.28098549412998
5,21,0.0,0.5520740994064188,8.756778700189427,0.21927294350997378,4.116485265482206,1.1998324334533752,48.65754765329242
5,21,0.01,0.674794051230822,9.180020682516087,0.4984786333658682,9.98173276078871,1.4017995368353613,59.60153316423502
5,21,0.02,0.46757720470568653,6.705511382640816,0.2601015122940197,4.527888101298894,1.0870834562339686,42.209393513167996
5,21,0.03,-0.22350525714932892,-2.9138309668105156,0.7865620930497805,11.624711685821998,0.8149944509982519,27.683986559785147
5,21,0.05,0.14218281259157653,2.3346242408051054,0.8038639651482516,11.302666652078264,0.8654577653528879,36.452976222649866
10,1,0.0,0.40825188617858793,6.469436174404142,0.7495967189047599,13.958399145358147,0.8080222461838833,31.305712603388123
10,1,0.01,0.0067201963009521646,0.4272898639311684,0.5027597398417473,9.097311456042533,0.543201287912145,17.856165729972663
10,1,0.02,0.38447885446546665,5.838286813825344,0.2961566947825514,5.434729171642649,0.6323707805178063,21.23086800628171
10,1,0.03,-0.11699398392497116,-0.9581425661545739,0.4193235444193532,7.406076976125364,0.24020496268509514,4.059253390802797
10,1,0.05,0.09838077179854665,1.6977719328728602,0.4137042917703485,6.963793083155556,1.0717455266475262,47.29976993249334
10,5,0.0,0.1683921879231719,2.7446486856685492,0.4894193628806738,9.111098781977155,0.8897637800039809,37.14860567243456
10,5,0.01,0.3340075087186784,5.113101481703386,0.7258669441623609,13.162926981092715,1.0318567184563459,45.92901824935369
10,5,0.02,0.4733572464235395,7.100442519368189,0.7494231272741144,13.607904072155597,1.1432838475413483,48.18189031518691
10,5,0.03,0.29069971593454885,4.288584661976369,0.594300265915927,10.554782858452327,0.592364658988953,19.456176367330748
10,5,0.05,0.03746086424333445,0.7963632276584365,0.6671096267648449,11.151481753187653,1.2385407089858518,55.08726582655976
10,21,0.0,0.16139388877420033,2.6231135978295628,0.15765802027382178,2.9830388362768634,1.279696532771245,66.27564071283672
10,21,0.01,0.045345458987388176,0.9571974622530455,0.03494437619703182,0.7059536615657391,1.5524548831403382,88.97129763285999
10,21,0.02,-0.09263593353061832,-0.9390001499175682,0.23674450979414707,4.477669402004447,1.6677226517085957,88.92036230603266
10,21,0.03,0.1330138194503723,2.2061551503943955,0.8001329249781154,12.865923259271494,1.2154181673434068,52.214116601960384
10,21,0.05,0.06095400116663988,1.1523276385271952,0.8021353000729884,12.199482721426168,1.1719744273566144,51.354603001356544
20,1,0.0,0.3634610301776061,5.493462685654182,0.8341924539505927,14.8564270636504,1.1984774163228484,44.37082335594662
20,1,0.01,0.14777784029230034,2.405028883469673,0.5834530232459004,11.38754271375937,1.3034960263292463,50.51087127263265
20,1,0.02,0.09243984780041158,1.665376543069752,0.8850064806390526,17.28486183111442,1.0831270277615501,38.60924503931289
20,1,0.03,0.776956868204805,10.561162577015647,0.9098011338828764,18.206385834488593,0.8920245974744145,37.78549172353838
20,1,0.05,0.12328748419448411,2.0448847298521144,0.3598707508829606,6.4469057427782195,0.8301881207011104,27.825026046019154
20,5,0.0,0.4494124732312659,6.740827834399354,0.5479141432264849,9.802194379491347,1.5131502309193656,65.29740449310462
20,5,0.01,0.5566840888906647,8.000047518818864,0.621928167253977,12.194019708206616,1.6357898750004538,73.62076472642048
20,5,0.02,0.35600380916016255,5.147547996768886,0.8886123898022734,17.244216424590086,1.6515729159508479,72.35323457079402
20,5,0.03,0.7616932684205514,10.432938340643227,0.7401293767079384,14.64270648318482,1.3262719301634727,68.44661054260112
20,5,0.05,0.2710134891434255,4.352613308165276,0.845456194043677,15.315786372020778,1.2889624832878173,52.12468395312895
20,21,0.0,0.1621321427518707,2.6051864628068744,0.6597318110062501,12.03056595363854,1.1891880409226578,49.271353142034634
20,21,0.01,0.3941186617477923,5.729022530390471,0.9480325762730274,18.887339986316356,1.3023890658224675,56.041479369576486
20,21,0.02,0.011966184812330312,0.4895198156932734,0.9869525061491323,19.534461946267513,1.1925390887076168,49.318174653085414
20,21,0.03,0.6817354305333218,9.175002856565762,1.1040493560608906,22.406201965234686,1.1152472541027678,53.18997224823854
20,21,0.05,0.190343483344545,3.095034994550616,0.674632597248995,11.277139018688743,1.1453842123031872,46.35238067666461
40,1,0.0,-0.1020236379314679,-1.1178409745167484,0.2760885160818706,4.966760904003897,1.934006569488663,97.63787226054082
40,1,0.01,0.4496365241846421,7.193574265221625,0.022239820252975665,0.6805762000101856,1.9595665793987374,96.85095353244722
40,1,0.02,0.42839978008302226,6.7375381223953035,-0.09230338393794135,-1.1796197210896309,1.7563038002180666,93.8928605251834
40,1,0.03,0.5300241429453274,7.822171064652794,0.056802612389857586,1.1304355930605414,1.6267221760282156,84.44591259224347
40,1,0.05,0.1259626688303286,2.107992136753589,0.022656533077329035,0.5606794300141216,1.2711116508156977,59.43468435390103
40,5,0.0,-0.014183049916672423,0.07736534944815521,0.34076319590896326,6.048954111188443,2.2419215560842467,120.71239706641279
40,5,0.01,0.41259038094960276,6.6910480603859845,0.09801226556325171,1.9571214401981063,2.1052276234871803,109.47393827240863
40,5,0.02,0.41192320152492307,6.347358621134269,-0.16495468178314499,-2.4652462052314306,2.0315914461203346,117.9295750176625
40,5,0.03,0.3744649398308076,5.524889030843361,0.06806413055555532,1.3586909049063678,1.769828487554209,95.99351556677863
40,5,0.05,0.1262573187761147,2.1123603205838615,-0.06863809659464688,-1.2490004361296214,1.3162725731165097,63.0500120531454
40,21,0.0,0.12193132143510167,2.0471215592618552,0.38101584849660675,6.8103850782323505,1.6990930591909803,84.96690192627337
40,21,0.01,0.5841775838603691,9.286623508912871,0.28568950479659266,5.364126487484877,1.6952950313912605,83.19101610676172
40,21,0.02,0.788125128374841,11.981690539663404,0.25422926197504,4.54968320305662,1.4948007498086004,76.2449409390066
40,21,0.03,0.7215443189344343,10.654679029176695,0.44717831517992856,7.819454330051423,1.4887003983926075,76.20809063625664
40,21,0.05,0.39795507760350335,5.890178048595507,0.4528824856296497,8.415852749518816,1.1952559557517124,56.237843796739305
60,1,0.0,0.2816188110009317,4.17505160975149,0.705523376510429,13.299358707871534,0.9360320380392767,39.35451489783346
60,1,0.01,0.290809266313294,4.322340373970457,0.6064898212972804,11.425360015061447,0.9125154200661568,37.9335482217021
60,1,0.02,0.0534475659543667,1.2906458076982208,0.5818816588669132,10.60322436012402,0.8265246998746338,32.22234009589484
60,1,0.03,-0.025397548497507524,0.13678594102430885,0.2619698989419996,4.8194718213585785,0.8984218420413858,37.08130076531375
60,1,0.05,-0.08318862860976847,-0.5878046853879715,0.20977635643013567,3.8781149802837867,1.626660144715998,86.4394328687683
60,5,0.0,0.34487662740987546,5.057002452604609,0.4876117369240176,9.256501721404087,1.0111149200068263,47.30433497342623
60,5,0.01,0.45537147944065404,6.698492073093276,0.40272135454646035,7.646563829133224,0.9365578465791321,42.2337107489924
60,5,0.02,0.26296892180972564,3.7042175167988356,0.5267178942705192,9.709200855485967,0.9418260898354996,42.29722285044784
60,5,0.03,0.4196959297824054,6.0812952868766645,0.20827894717625395,3.9201182775247645,0.892969549336327,39.34239754316076
60,5,0.05,-0.20202036610822227,-2.0587631688962937,0.395937104536307,6.845571276332585,1.431075968153661,78.88272430728671
60,21,0.0,0.35279199029403635,5.141374998808668,0.4353313578633841,8.469136197447646,1.191839164980027,61.4238809449698
60,21,0.01,0.7007025891808111,10.120411857878064,0.5201155724219942,10.113114972767413,1.191839164980027,61.4238809449698
60,21,0.02,0.6540533743135258,8.137567689670334,0.299707752407268,5.651363614520055,1.2724349346123158,67.20460586597305
60,21,0.03,0.1249972875645944,2.092903152251857,0.24203083063436934,4.517195763673065,1.0841316942382664,52.66350365536372
60,21,0.05,0.08678824517002433,1.6043599102202988,0.643845462373602,11.407647289026812,1.403700740454314,77.4437233474423
