,tier,cat,name,C24,S24,T24,ALL_MDD,수익률>코스피200,샤프>코스피200,MDD 코스피200보다 깊음
LT32,1 검증 통과,중장기,연말 배당 교대(9월말 대형 고배당30 → 12월말 전 매도·코스닥 12월 낙폭과대30 → 1/15 매도),0.09127111087282547,0.7238010531412917,2.6370874295975555,-0.1847999709683299,True,True,False
AA09,1 검증 통과,자산배분,"HAA-Simple(미국 TIP·SPY 모멘텀>0 → S&P500, 아니면 국고채10년/단기채 중 강한 쪽)",0.09543265764943532,0.6713068290430316,2.4556603231049667,-0.1681068601903435,True,True,False
AA17,1 검증 통과,자산배분,"코스피·나스닥100·달러 1:1:1, 분기",0.08029999337455784,0.6562307168170886,2.890709165441897,-0.2194282456713381,True,True,False
AA10,1 검증 통과,자산배분,LAA 한국판(KODEX200·금·국고채10년 각25% + 나스닥 25%↔단기채),0.061842496228224464,0.511841015399078,2.279514751136294,-0.1908007791435451,True,True,False
AA03,2 경계,자산배분,"K-올웨더+할로윈(위험자산 5~10월 20%, 11~4월 50%)",0.05504286213433396,0.5242859051182494,1.369398587171787,-0.1670134883349782,True,True,False
AA02,2 경계,자산배분,"K-올웨더(미주17.5·한주17.5·미채25·한채25·금15), 분기",0.050588845662870696,0.5220889969825154,1.388434584859437,-0.1519276956609467,True,True,False
AA06,3 코스피200보다 나음,자산배분,"ETF 듀얼모멘텀(KODEX200 vs 미국S&P, 절대모멘텀 실패 시 국고채)",0.07744325546699549,0.46813689010431614,1.5471911568518537,-0.4079966919328492,True,True,False
LT21,3 코스피200보다 나음,중장기,"신F-스코어(흑자·영업현금흐름+·무증자)+저PBR 25종목, 연1회",0.07830630690795348,0.42971855276136106,1.6017459796575397,-0.5761625214316077,True,True,True
LT01,3 코스피200보다 나음,중장기,"소형주(유니버스 하위20%) + 저PBR 25종목, 연1회",0.08159359272878652,0.41884039781619486,1.5508494906383954,-0.5367885275591591,True,True,True
AA01,3 코스피200보다 나음,자산배분,"할로윈(11~4월 KODEX200, 5~10월 현금)",0.061550381201125326,0.39374120900288556,1.5245317928835695,-0.3463251388509029,True,True,False
AA14,3 코스피200보다 나음,자산배분,"HAA-Balanced 7자산(미국 TIP 카나리아, 13612U 상위4, 음수 몫은 미국채10년/달러단기채)",0.04369363240449564,0.3434000315827501,1.1110232851471904,-0.1504815734720865,True,True,False
AA05,3 코스피200보다 나음,자산배분,"영구 포트폴리오(주식·채권·금·달러 각 25%), 분기",0.03257977933489187,0.32368918405667974,0.8225002498984029,-0.1377281606009188,True,True,False
AA16,3 코스피200보다 나음,자산배분,"섹터 ETF 모멘텀(섹터 9개 중 12개월 수익률 상위3 동일비중), 월간",0.05067458089930166,0.26850683844846257,0.6926209065871037,-0.5380567452509473,True,True,True
AA08,3 코스피200보다 나음,자산배분,systrader79 평균모멘텀 스코어(주식:채권:현금 = 점수:점수:1),0.027098897723244253,0.26614231279116757,0.5055915264400993,-0.202765573054571,False,True,False
LT02,3 코스피200보다 나음,중장기,"밸류 합성(PER·PBR·배당 순위합) 소형주 30종목, 연1회",0.0491516741951592,0.2630053719100708,0.8039135981545599,-0.497026220726299,True,True,True
LT08,3 코스피200보다 나음,중장기,"밸류+모멘텀(저PBR 하위 20% 중 12-1 상위 30), 월간",0.04769052845085775,0.2444055513389233,0.7340448060116043,-0.5778061320081918,True,True,True
AA15,3 코스피200보다 나음,자산배분,"VAA 공격형(미국 SPY·EFA·EEM·AGG 모두 양수면 최강 1개, 아니면 방어 최강 1개)",0.03360585099690505,0.23426317403769806,0.6362941239427952,-0.1774937525204942,True,True,False
AA12,3 코스피200보다 나음,자산배분,"한미 평균모멘텀 스코어(한국주식·미국주식·국고채10년·미국장기채 각 25%×점수, 나머지 단기채)",0.028388495537455816,0.21187364536429026,0.5742701298009094,-0.1175329536505588,False,True,False
AA04,3 코스피200보다 나음,자산배분,"주식·채권 변동성 역가중(KODEX200·국고채10년), 월간",0.027007378675087956,0.2057897024219573,0.35168626483170917,-0.2182994969195448,False,True,False
LT09,3 코스피200보다 나음,중장기,"고배당 30종목, 월간",0.036724883020646804,0.19553854946414637,0.4729506814027808,-0.5181213040974597,True,True,True
LT03,3 코스피200보다 나음,중장기,"저PER+저PBR 20종목, 월간",0.036848377924096676,0.190344333625426,0.4475558879335308,-0.578737126083978,True,True,True
AA20,3 코스피200보다 나음,자산배분,"자산군 모멘텀(미국주식·선진국·국고채10년·금·리츠 중 12개월 상위3), 월간",0.028723820148677914,0.17118841761299428,0.2239256913665702,-0.2995617177185383,False,True,False
LT29,3 코스피200보다 나음,중장기,"대형주(시총 상위200) 12개월 모멘텀 상위 40, 월간",0.027616783634702324,0.153141714884066,0.2898833058439409,-0.6126916766258741,False,True,True
AA19,4 수익 플러스·지수 이하,자산배분,"골든 버터플라이 한국판(KODEX200·200중소형·국고채10년·단기채·금 각 20%), 연1회",0.023573837097807138,0.10698286006900842,-0.06901819522830284,-0.2076118368721871,False,False,False
AA13,4 수익 플러스·지수 이하,자산배분,"GTAA5 한국판(미국주식·선진국·국고채10년·금·리츠 각20%, 10개월선 아래면 단기채)",0.02115226816622684,0.08346263891126797,0.09443401319691481,-0.1381542043404824,False,False,False
LT17,4 수익 플러스·지수 이하,중장기,"밸류업 복합(저PER·저PBR·고ROE·고배당·배당성향) 30종목, 분기",0.018865788206234635,0.08216749667782425,-0.12133568737349537,-0.4847261877088665,False,False,True
AA07,4 수익 플러스·지수 이하,자산배분,"코스피 절대모멘텀(KODEX200 10개월선 위 → 주식, 아래 → 국고채3년)",0.015110435660553367,0.0364311292286413,-0.3596353831952852,-0.4079966919328497,False,False,False
LT27,주의(숨김),중장기,저PER+저PBR 20 + 할로윈(5~10월 국고채),0.09407794265476666,0.6072027300362277,2.242584060966072,-0.4804893218444109,True,True,True
LT50,주의(숨김),재무,멀티팩터 20 + 할로윈(5~10월 국고채10년),0.0655588012038184,0.3923949808711039,0.9661936724899682,-0.484700352004444,True,True,True
AA21,주의(숨김),자산배분,감마팀 거시 국면 배분(골디락스 KODEX200 / 둔화 60:40 / 과열 원유 / 스태그 금),0.07449525789843836,0.36700353759249305,1.2403583483832181,-0.3155245887697345,True,True,False
AA18,주의(숨김),자산배분,Paired switching(KODEX200 vs 국고채10년 직전 분기 수익 높은 쪽 100%),0.05158837201865807,0.32815714345643454,1.0100608673349423,-0.4079966919328495,True,True,False
DF06,주의(숨김),방어,최소변동성 스위칭(KOSPI 10개월선 아래면 최소변동성 ETF),0.03364439190272894,0.17230372162887378,0.3692611009082479,-0.4079966919328496,True,True,False
